Workbook

Sheet Sheet2
A2: Name | B2: Salary | D2: 12 | E2: Name | F2: Sameer | G2: Faizaan | H2: Vadud | I2: Krishna | J2: Karamjeet | K2: Omkar | R2: Name | S2: Months
A3: Sameer | B3: =VLOOKUP(A3,Sheet1!A:D,4,0) -> 20000 | E3: Salary | F3: =HLOOKUP(F2,Sheet1!G2:M3,2,0) -> 50000 | G3: =HLOOKUP(G2,Sheet1!H2:N3,2,0) -> 5000 | H3: =HLOOKUP(H2,Sheet1!I2:O3,2,0) -> 15000 | I3: =HLOOKUP(I2,Sheet1!J2:P3,2,0) -> 12000 | J3: =HLOOKUP(J2,Sheet1!K2:Q3,2,0) -> 18000 | K3: =HLOOKUP(K2,Sheet1!L2:R3,2,0) -> 16000 | N3: Name | O3: Per month | P3: p.a | R3: Sameer | S3: 12
A4: Faizaan | B4: =VLOOKUP(A4,Sheet1!A:D,4,0) -> 20000 | N4: Sameer | O4: 20000 | P4: =O4*$S3 -> 240000 | R4: Faizaan | S4: 11
A5: Vadud | B5: =VLOOKUP(A5,Sheet1!A:D,4,0) -> 37200 | N5: Faizaan | O5: 20000 | P5: =O5*$S4 -> 220000 | R5: Vadud | S5: 12
A6: Krishna | B6: =VLOOKUP(A6,Sheet1!A:D,4,0) -> 6400 | N6: Vadud | O6: 37200 | P6: =O6*$S5 -> 446400 | R6: Krishna | S6: 8
A7: Karamjeet | B7: =VLOOKUP(A7,Sheet1!A:D,4,0) -> 72000 | N7: Krishna | O7: 6400 | P7: =O7*$S6 -> 51200 | R7: Karamjeet | S7: 7
A8: Omkar | B8: =VLOOKUP(A8,Sheet1!A:D,4,0) -> 12000 | N8: Karamjeet | O8: 72000 | P8: =O8*$S7 -> 504000 | R8: Omkar | S8: 5
N9: Omkar | O9: 12000 | P9: =O9*$S8 -> 60000

Sheet Sheet1
A2: Name | B2: Month | C2: Per Month | D2: Salary | G2: Name | H2: Sameer | I2: Faizaan | J2: Vadud | K2: Krishna | L2: Karamjeet | M2: Omkar
A3: Sameer | B3: 4 | C3: 5000 | D3: =B3*C3 -> 20000 | G3: Salary | H3: 50000 | I3: 5000 | J3: 15000 | K3: 12000 | L3: 18000 | M3: 16000
A4: Faizaan | B4: 5 | C4: 4000 | D4: =B4*C4 -> 20000
A5: Vadud | B5: 6 | C5: 6200 | D5: =B5*C5 -> 37200
A6: Krishna | B6: 2 | C6: 3200 | D6: =B6*C6 -> 6400
A7: Karamjeet | B7: 9 | C7: 8000 | D7: =B7*C7 -> 72000
A8: Omkar | B8: 3 | C8: 4000 | D8: =B8*C8 -> 12000
