Workbook

Sheet Data
A1: Company Name | B1: KPI 1 | C1: KPI 2 | D1: KPI 3
A2: Company 1 | B2: 22 | C2: 39 | D2: 17
A3: Company 2 | B3: 38 | C3: 44 | D3: 34
A4: Company 3 | B4: 13 | C4: 20 | D4: 11
A5: Company 4 | B5: 12 | C5: 40 | D5: 32
A6: Company 5 | B6: 28 | C6: 20 | D6: 12
A7: Company 6 | B7: 12 | C7: 40 | D7: 17
A8: Company 7 | B8: 26 | C8: 42 | D8: 27
A9: Company 8 | B9: 49 | C9: 11 | D9: 36
A10: Company 9 | B10: 10 | C10: 20 | D10: 20
A11: Company 10 | B11: 35 | C11: 10 | D11: 43
A12: Company 11 | B12: 19 | C12: 26 | D12: 12
A13: Company 12 | B13: 38 | C13: 24 | D13: 29
... A51: Company 50 | B51: 32 | C51: 22 | D51: 45

Sheet Solution
B1: Company Name | C1: KPI 1 | D1: KPI 2 | E1: KPI 3
B2: =INDEX(Data!$A$2:$D$51,ROWS(Solution!$A$2:A2)-1+Solution!$H$2,COLUMNS(Solution!$A$2:A2)) -> Company 3 | C2: =INDEX(Data!$A$2:$D$51,ROWS(Solution!$A$2:B2)-1+Solution!$H$2,COLUMNS(Solution!$A$2:B2)) -> 13 | D2: =INDEX(Data!$A$2:$D$51,ROWS(Solution!$A$2:C2)-1+Solution!$H$2,COLUMNS(Solution!$A$2:C2)) -> 20 | E2: =INDEX(Data!$A$2:$D$51,ROWS(Solution!$A$2:D2)-1+Solution!$H$2,COLUMNS(Solution!$A$2:D2)) -> 11 | H2: 3
B3: =INDEX(Data!$A$2:$D$51,ROWS(Solution!$A$2:A3)-1+Solution!$H$2,COLUMNS(Solution!$A$2:A3)) -> Company 4 | C3: =INDEX(Data!$A$2:$D$51,ROWS(Solution!$A$2:B3)-1+Solution!$H$2,COLUMNS(Solution!$A$2:B3)) -> 12 | D3: =INDEX(Data!$A$2:$D$51,ROWS(Solution!$A$2:C3)-1+Solution!$H$2,COLUMNS(Solution!$A$2:C3)) -> 40 | E3: =INDEX(Data!$A$2:$D$51,ROWS(Solution!$A$2:D3)-1+Solution!$H$2,COLUMNS(Solution!$A$2:D3)) -> 32
B4: =INDEX(Data!$A$2:$D$51,ROWS(Solution!$A$2:A4)-1+Solution!$H$2,COLUMNS(Solution!$A$2:A4)) -> Company 5 | C4: =INDEX(Data!$A$2:$D$51,ROWS(Solution!$A$2:B4)-1+Solution!$H$2,COLUMNS(Solution!$A$2:B4)) -> 28 | D4: =INDEX(Data!$A$2:$D$51,ROWS(Solution!$A$2:C4)-1+Solution!$H$2,COLUMNS(Solution!$A$2:C4)) -> 20 | E4: =INDEX(Data!$A$2:$D$51,ROWS(Solution!$A$2:D4)-1+Solution!$H$2,COLUMNS(Solution!$A$2:D4)) -> 12
B5: =INDEX(Data!$A$2:$D$51,ROWS(Solution!$A$2:A5)-1+Solution!$H$2,COLUMNS(Solution!$A$2:A5)) -> Company 6 | C5: =INDEX(Data!$A$2:$D$51,ROWS(Solution!$A$2:B5)-1+Solution!$H$2,COLUMNS(Solution!$A$2:B5)) -> 12 | D5: =INDEX(Data!$A$2:$D$51,ROWS(Solution!$A$2:C5)-1+Solution!$H$2,COLUMNS(Solution!$A$2:C5)) -> 40 | E5: =INDEX(Data!$A$2:$D$51,ROWS(Solution!$A$2:D5)-1+Solution!$H$2,COLUMNS(Solution!$A$2:D5)) -> 17
B6: =INDEX(Data!$A$2:$D$51,ROWS(Solution!$A$2:A6)-1+Solution!$H$2,COLUMNS(Solution!$A$2:A6)) -> Company 7 | C6: =INDEX(Data!$A$2:$D$51,ROWS(Solution!$A$2:B6)-1+Solution!$H$2,COLUMNS(Solution!$A$2:B6)) -> 26 | D6: =INDEX(Data!$A$2:$D$51,ROWS(Solution!$A$2:C6)-1+Solution!$H$2,COLUMNS(Solution!$A$2:C6)) -> 42 | E6: =INDEX(Data!$A$2:$D$51,ROWS(Solution!$A$2:D6)-1+Solution!$H$2,COLUMNS(Solution!$A$2:D6)) -> 27
B7: =INDEX(Data!$A$2:$D$51,ROWS(Solution!$A$2:A7)-1+Solution!$H$2,COLUMNS(Solution!$A$2:A7)) -> Company 8 | C7: =INDEX(Data!$A$2:$D$51,ROWS(Solution!$A$2:B7)-1+Solution!$H$2,COLUMNS(Solution!$A$2:B7)) -> 49 | D7: =INDEX(Data!$A$2:$D$51,ROWS(Solution!$A$2:C7)-1+Solution!$H$2,COLUMNS(Solution!$A$2:C7)) -> 11 | E7: =INDEX(Data!$A$2:$D$51,ROWS(Solution!$A$2:D7)-1+Solution!$H$2,COLUMNS(Solution!$A$2:D7)) -> 36
B8: =INDEX(Data!$A$2:$D$51,ROWS(Solution!$A$2:A8)-1+Solution!$H$2,COLUMNS(Solution!$A$2:A8)) -> Company 9 | C8: =INDEX(Data!$A$2:$D$51,ROWS(Solution!$A$2:B8)-1+Solution!$H$2,COLUMNS(Solution!$A$2:B8)) -> 10 | D8: =INDEX(Data!$A$2:$D$51,ROWS(Solution!$A$2:C8)-1+Solution!$H$2,COLUMNS(Solution!$A$2:C8)) -> 20 | E8: =INDEX(Data!$A$2:$D$51,ROWS(Solution!$A$2:D8)-1+Solution!$H$2,COLUMNS(Solution!$A$2:D8)) -> 20
B9: =INDEX(Data!$A$2:$D$51,ROWS(Solution!$A$2:A9)-1+Solution!$H$2,COLUMNS(Solution!$A$2:A9)) -> Company 10 | C9: =INDEX(Data!$A$2:$D$51,ROWS(Solution!$A$2:B9)-1+Solution!$H$2,COLUMNS(Solution!$A$2:B9)) -> 35 | D9: =INDEX(Data!$A$2:$D$51,ROWS(Solution!$A$2:C9)-1+Solution!$H$2,COLUMNS(Solution!$A$2:C9)) -> 10 | E9: =INDEX(Data!$A$2:$D$51,ROWS(Solution!$A$2:D9)-1+Solution!$H$2,COLUMNS(Solution!$A$2:D9)) -> 43
B10: =INDEX(Data!$A$2:$D$51,ROWS(Solution!$A$2:A10)-1+Solution!$H$2,COLUMNS(Solution!$A$2:A10)) -> Company 11 | C10: =INDEX(Data!$A$2:$D$51,ROWS(Solution!$A$2:B10)-1+Solution!$H$2,COLUMNS(Solution!$A$2:B10)) -> 19 | D10: =INDEX(Data!$A$2:$D$51,ROWS(Solution!$A$2:C10)-1+Solution!$H$2,COLUMNS(Solution!$A$2:C10)) -> 26 | E10: =INDEX(Data!$A$2:$D$51,ROWS(Solution!$A$2:D10)-1+Solution!$H$2,COLUMNS(Solution!$A$2:D10)) -> 12
B11: =INDEX(Data!$A$2:$D$51,ROWS(Solution!$A$2:A11)-1+Solution!$H$2,COLUMNS(Solution!$A$2:A11)) -> Company 12 | C11: =INDEX(Data!$A$2:$D$51,ROWS(Solution!$A$2:B11)-1+Solution!$H$2,COLUMNS(Solution!$A$2:B11)) -> 38 | D11: =INDEX(Data!$A$2:$D$51,ROWS(Solution!$A$2:C11)-1+Solution!$H$2,COLUMNS(Solution!$A$2:C11)) -> 24 | E11: =INDEX(Data!$A$2:$D$51,ROWS(Solution!$A$2:D11)-1+Solution!$H$2,COLUMNS(Solution!$A$2:D11)) -> 29
