Workbook

Sheet Data
A1: Number of Arrivals (in Millions)
A2: Country Name | B2: 2014 | C2: 2015
A3: France | B3: 81550000 | C3: 73013000
A4: United States | B4: 62711000 | C4: =B4-300000 -> 62411000
A5: China | B5: 57581000 | C5: 57725000
A6: Spain | B6: 56177000 | C6: 57701000
A7: Italy | B7: 46119000 | C7: 46360000
A8: Turkey | B8: 34654000 | C8: =B8-100000 -> 34554000
A9: Germany | B9: 28374000 | C9: 30411000
A10: United Kingdom | B10: 29306000 | C10: 29282000
A11: Russian Federation | B11: 24932000 | C11: 28177000
A12: Malaysia | B12: 24714000 | C12: 25033000

Sheet Analysis
B1: Number of Arrivals (in Millions)
B2: Country Name | C2: 2014 | D2: 2015 | E2: Custom Number Formatting | F2: Formula
A3: =IF((D3-C3)/C3>0,"▲","▼") -> ▼ | B3: France | C3: =Data!B3 -> 81550000 | D3: =Data!C3 -> 73013000 | E3: =(D3-C3)/C3 -> -0.10468424 | F3: =IF((D3-C3)/C3>0,"▲","▼")&TEXT((D3-C3)/C3,"0.0%") -> ▼-10.5% | G3: =IF((D3-C3)/C3>0,"▲","▼")&TEXT(D3,"0.0,,") -> ▼73.0
A4: =IF((D4-C4)/C4>0,"▲","▼") -> ▼ | B4: United States | C4: =Data!B4 -> 62711000 | D4: =Data!C4 -> 62411000 | E4: =(D4-C4)/C4 -> -0.0047838497 | F4: =IF((D4-C4)/C4>0,"▲","▼")&TEXT((D4-C4)/C4,"0.0%") -> ▼-0.5% | G4: =IF((D4-C4)/C4>0,"▲","▼")&TEXT(D4,"0.0,,") -> ▼62.4
A5: =IF((D5-C5)/C5>0,"▲","▼") -> ▲ | B5: China | C5: =Data!B5 -> 57581000 | D5: =Data!C5 -> 57725000 | E5: =(D5-C5)/C5 -> 0.0025008249 | F5: =IF((D5-C5)/C5>0,"▲","▼")&TEXT((D5-C5)/C5,"0.0%") -> ▲0.3% | G5: =IF((D5-C5)/C5>0,"▲","▼")&TEXT(D5,"0.0,,") -> ▲57.7
A6: =IF((D6-C6)/C6>0,"▲","▼") -> ▲ | B6: Spain | C6: =Data!B6 -> 56177000 | D6: =Data!C6 -> 57701000 | E6: =(D6-C6)/C6 -> 0.02712854 | F6: =IF((D6-C6)/C6>0,"▲","▼")&TEXT((D6-C6)/C6,"0.0%") -> ▲2.7% | G6: =IF((D6-C6)/C6>0,"▲","▼")&TEXT(D6,"0.0,,") -> ▲57.7
A7: =IF((D7-C7)/C7>0,"▲","▼") -> ▲ | B7: Italy | C7: =Data!B7 -> 46119000 | D7: =Data!C7 -> 46360000 | E7: =(D7-C7)/C7 -> 0.005225612 | F7: =IF((D7-C7)/C7>0,"▲","▼")&TEXT((D7-C7)/C7,"0.0%") -> ▲0.5% | G7: =IF((D7-C7)/C7>0,"▲","▼")&TEXT(D7,"0.0,,") -> ▲46.4
A8: =IF((D8-C8)/C8>0,"▲","▼") -> ▼ | B8: Turkey | C8: =Data!B8 -> 34654000 | D8: =Data!C8 -> 34554000 | E8: =(D8-C8)/C8 -> -0.0028856698 | F8: =IF((D8-C8)/C8>0,"▲","▼")&TEXT((D8-C8)/C8,"0.0%") -> ▼-0.3% | G8: =IF((D8-C8)/C8>0,"▲","▼")&TEXT(D8,"0.0,,") -> ▼34.6
A9: =IF((D9-C9)/C9>0,"▲","▼") -> ▲ | B9: Germany | C9: =Data!B9 -> 28374000 | D9: =Data!C9 -> 30411000 | E9: =(D9-C9)/C9 -> 0.071791076 | F9: =IF((D9-C9)/C9>0,"▲","▼")&TEXT((D9-C9)/C9,"0.0%") -> ▲7.2% | G9: =IF((D9-C9)/C9>0,"▲","▼")&TEXT(D9,"0.0,,") -> ▲30.4
A10: =IF((D10-C10)/C10>0,"▲","▼") -> ▼ | B10: United Kingdom | C10: =Data!B10 -> 29306000 | D10: =Data!C10 -> 29282000 | E10: =(D10-C10)/C10 -> -0.00081894493 | F10: =IF((D10-C10)/C10>0,"▲","▼")&TEXT((D10-C10)/C10,"0.0%") -> ▼-0.1% | G10: =IF((D10-C10)/C10>0,"▲","▼")&TEXT(D10,"0.0,,") -> ▼29.3
A11: =IF((D11-C11)/C11>0,"▲","▼") -> ▲ | B11: Russian Federation | C11: =Data!B11 -> 24932000 | D11: =Data!C11 -> 28177000 | E11: =(D11-C11)/C11 -> 0.13015402 | F11: =IF((D11-C11)/C11>0,"▲","▼")&TEXT((D11-C11)/C11,"0.0%") -> ▲13.0% | G11: =IF((D11-C11)/C11>0,"▲","▼")&TEXT(D11,"0.0,,") -> ▲28.2
A12: =IF((D12-C12)/C12>0,"▲","▼") -> ▲ | B12: Malaysia | C12: =Data!B12 -> 24714000 | D12: =Data!C12 -> 25033000 | E12: =(D12-C12)/C12 -> 0.012907664 | F12: =IF((D12-C12)/C12>0,"▲","▼")&TEXT((D12-C12)/C12,"0.0%") -> ▲1.3% | G12: =IF((D12-C12)/C12>0,"▲","▼")&TEXT(D12,"0.0,,") -> ▲25.0
B17: Symbols | C17: ▲▼

Sheet Presentation
A1: Number of Arrivals (in Millions)
A2: Country Name | B2: % Change
A3: France | B3: =(Analysis!D3-Analysis!C3)/Analysis!C3 -> -0.10468424
A4: United States | B4: =(Analysis!D4-Analysis!C4)/Analysis!C4 -> -0.0047838497
A5: China | B5: =(Analysis!D5-Analysis!C5)/Analysis!C5 -> 0.0025008249
A6: Spain | B6: =(Analysis!D6-Analysis!C6)/Analysis!C6 -> 0.02712854
A7: Italy | B7: =(Analysis!D7-Analysis!C7)/Analysis!C7 -> 0.005225612
A8: Turkey | B8: =(Analysis!D8-Analysis!C8)/Analysis!C8 -> -0.0028856698
A9: Germany | B9: =(Analysis!D9-Analysis!C9)/Analysis!C9 -> 0.071791076
A10: United Kingdom | B10: =(Analysis!D10-Analysis!C10)/Analysis!C10 -> -0.00081894493
A11: Russian Federation | B11: =(Analysis!D11-Analysis!C11)/Analysis!C11 -> 0.13015402
A12: Malaysia | B12: =(Analysis!D12-Analysis!C12)/Analysis!C12 -> 0.012907664
