Workbook

Sheet SparkLines
A1: Number of Arrivals
A2: Country Name | B2: 2005 | C2: 2006 | D2: 2007 | E2: 2008 | F2: 2009 | G2: 2010 | H2: 2011 | I2: 2012
A3: France | B3: 74988000 | C3: 77916000 | D3: 77916000 | E3: 79218000 | F3: 76764000 | G3: 77648000 | H3: 81550000 | I3: 83013000
A4: United States | B4: 49206000 | C4: 50977000 | D4: 55978000 | E4: 57942000 | F4: 54962000 | G4: 59796000 | H4: 62711000 | I4: 66969000
A5: China | B5: 46809000 | C5: 49913000 | D5: 54720000 | E5: 53049000 | F5: 50875000 | G5: 55664000 | H5: 57581000 | I5: 57725000
A6: Spain | B6: 55914000 | C6: 58004000 | D6: 58666000 | E6: 57192000 | F6: 52178000 | G6: 52677000 | H6: 56177000 | I6: 57701000
A7: Italy | B7: 36513000 | C7: 41058000 | D7: 43654000 | E7: 42734000 | F7: 43239000 | G7: 43626000 | H7: 46119000 | I7: 46360000
A8: Turkey | B8: 20273000 | C8: 18916000 | D8: 26122000 | E8: 29792000 | F8: 30187000 | G8: 31364000 | H8: 34654000 | I8: 35698000
A9: Germany | B9: 21500000 | C9: 23569000 | D9: 24421000 | E9: 24884000 | F9: 24220000 | G9: 26875000 | H9: 28374000 | I9: 30411000
A10: United Kingdom | B10: 28039000 | C10: 30654000 | D10: 30870000 | E10: 30142000 | F10: 28199000 | G10: 28295000 | H10: 29306000 | I10: 29282000
A11: Russia | B11: 22201000 | C11: 22486000 | D11: 22909000 | E11: 23676000 | F11: 21339000 | G11: 22281000 | H11: 24932000 | I11: 28177000
A12: Malaysia | B12: 16431000 | C12: 17547000 | D12: 20973000 | E12: 22052000 | F12: 23646000 | G12: 24577000 | H12: 24714000 | I12: 25033000
B16: 60000000

Sheet SparkLines (2)
A1: Number of Arrivals
A2: Country Name | B2: 2005 | C2: 2006 | D2: 2007 | E2: 2008 | F2: 2009 | G2: 2010 | H2: 2011 | I2: 2012
A3: France | B3: =SparkLines!B3-SparkLines!$B$16 -> 14988000 | C3: =SparkLines!C3-SparkLines!$B$16 -> 17916000 | D3: =SparkLines!D3-SparkLines!$B$16 -> 17916000 | E3: =SparkLines!E3-SparkLines!$B$16 -> 19218000 | F3: =SparkLines!F3-SparkLines!$B$16 -> 16764000 | G3: =SparkLines!G3-SparkLines!$B$16 -> 17648000 | H3: =SparkLines!H3-SparkLines!$B$16 -> 21550000 | I3: =SparkLines!I3-SparkLines!$B$16 -> 23013000
A4: United States | B4: =SparkLines!B4-SparkLines!$B$16 -> -10794000 | C4: =SparkLines!C4-SparkLines!$B$16 -> -9023000 | D4: =SparkLines!D4-SparkLines!$B$16 -> -4022000 | E4: =SparkLines!E4-SparkLines!$B$16 -> -2058000 | F4: =SparkLines!F4-SparkLines!$B$16 -> -5038000 | G4: =SparkLines!G4-SparkLines!$B$16 -> -204000 | H4: =SparkLines!H4-SparkLines!$B$16 -> 2711000 | I4: =SparkLines!I4-SparkLines!$B$16 -> 6969000
A5: China | B5: =SparkLines!B5-SparkLines!$B$16 -> -13191000 | C5: =SparkLines!C5-SparkLines!$B$16 -> -10087000 | D5: =SparkLines!D5-SparkLines!$B$16 -> -5280000 | E5: =SparkLines!E5-SparkLines!$B$16 -> -6951000 | F5: =SparkLines!F5-SparkLines!$B$16 -> -9125000 | G5: =SparkLines!G5-SparkLines!$B$16 -> -4336000 | H5: =SparkLines!H5-SparkLines!$B$16 -> -2419000 | I5: =SparkLines!I5-SparkLines!$B$16 -> -2275000
A6: Spain | B6: =SparkLines!B6-SparkLines!$B$16 -> -4086000 | C6: =SparkLines!C6-SparkLines!$B$16 -> -1996000 | D6: =SparkLines!D6-SparkLines!$B$16 -> -1334000 | E6: =SparkLines!E6-SparkLines!$B$16 -> -2808000 | F6: =SparkLines!F6-SparkLines!$B$16 -> -7822000 | G6: =SparkLines!G6-SparkLines!$B$16 -> -7323000 | H6: =SparkLines!H6-SparkLines!$B$16 -> -3823000 | I6: =SparkLines!I6-SparkLines!$B$16 -> -2299000
A7: Italy | B7: =SparkLines!B7-SparkLines!$B$16 -> -23487000 | C7: =SparkLines!C7-SparkLines!$B$16 -> -18942000 | D7: =SparkLines!D7-SparkLines!$B$16 -> -16346000 | E7: =SparkLines!E7-SparkLines!$B$16 -> -17266000 | F7: =SparkLines!F7-SparkLines!$B$16 -> -16761000 | G7: =SparkLines!G7-SparkLines!$B$16 -> -16374000 | H7: =SparkLines!H7-SparkLines!$B$16 -> -13881000 | I7: =SparkLines!I7-SparkLines!$B$16 -> -13640000
A8: Turkey | B8: =SparkLines!B8-SparkLines!$B$16 -> -39727000 | C8: =SparkLines!C8-SparkLines!$B$16 -> -41084000 | D8: =SparkLines!D8-SparkLines!$B$16 -> -33878000 | E8: =SparkLines!E8-SparkLines!$B$16 -> -30208000 | F8: =SparkLines!F8-SparkLines!$B$16 -> -29813000 | G8: =SparkLines!G8-SparkLines!$B$16 -> -28636000 | H8: =SparkLines!H8-SparkLines!$B$16 -> -25346000 | I8: =SparkLines!I8-SparkLines!$B$16 -> -24302000
A9: Germany | B9: =SparkLines!B9-SparkLines!$B$16 -> -38500000 | C9: =SparkLines!C9-SparkLines!$B$16 -> -36431000 | D9: =SparkLines!D9-SparkLines!$B$16 -> -35579000 | E9: =SparkLines!E9-SparkLines!$B$16 -> -35116000 | F9: =SparkLines!F9-SparkLines!$B$16 -> -35780000 | G9: =SparkLines!G9-SparkLines!$B$16 -> -33125000 | H9: =SparkLines!H9-SparkLines!$B$16 -> -31626000 | I9: =SparkLines!I9-SparkLines!$B$16 -> -29589000
A10: United Kingdom | B10: =SparkLines!B10-SparkLines!$B$16 -> -31961000 | C10: =SparkLines!C10-SparkLines!$B$16 -> -29346000 | D10: =SparkLines!D10-SparkLines!$B$16 -> -29130000 | E10: =SparkLines!E10-SparkLines!$B$16 -> -29858000 | F10: =SparkLines!F10-SparkLines!$B$16 -> -31801000 | G10: =SparkLines!G10-SparkLines!$B$16 -> -31705000 | H10: =SparkLines!H10-SparkLines!$B$16 -> -30694000 | I10: =SparkLines!I10-SparkLines!$B$16 -> -30718000
A11: Russia | B11: =SparkLines!B11-SparkLines!$B$16 -> -37799000 | C11: =SparkLines!C11-SparkLines!$B$16 -> -37514000 | D11: =SparkLines!D11-SparkLines!$B$16 -> -37091000 | E11: =SparkLines!E11-SparkLines!$B$16 -> -36324000 | F11: =SparkLines!F11-SparkLines!$B$16 -> -38661000 | G11: =SparkLines!G11-SparkLines!$B$16 -> -37719000 | H11: =SparkLines!H11-SparkLines!$B$16 -> -35068000 | I11: =SparkLines!I11-SparkLines!$B$16 -> -31823000
A12: Malaysia | B12: =SparkLines!B12-SparkLines!$B$16 -> -43569000 | C12: =SparkLines!C12-SparkLines!$B$16 -> -42453000 | D12: =SparkLines!D12-SparkLines!$B$16 -> -39027000 | E12: =SparkLines!E12-SparkLines!$B$16 -> -37948000 | F12: =SparkLines!F12-SparkLines!$B$16 -> -36354000 | G12: =SparkLines!G12-SparkLines!$B$16 -> -35423000 | H12: =SparkLines!H12-SparkLines!$B$16 -> -35286000 | I12: =SparkLines!I12-SparkLines!$B$16 -> -34967000
B16: 60000000
